stain_condition,tss,rgb_mean_r_mean,rgb_mean_r_std,rgb_mean_g_mean,rgb_mean_g_std,rgb_mean_b_mean,rgb_mean_b_std,rgb_std_r_mean,rgb_std_r_std,rgb_std_g_mean,rgb_std_g_std,rgb_std_b_mean,rgb_std_b_std,lab_mean_l_mean,lab_mean_l_std,lab_mean_a_mean,lab_mean_a_std,lab_mean_b_mean,lab_mean_b_std,lab_std_l_mean,lab_std_l_std,lab_std_a_mean,lab_std_a_std,lab_std_b_mean,lab_std_b_std
raw,3C,217.61467283964157,4.722749860002451,179.2142938375473,23.397643810542018,203.36876414219537,9.89501418468526,22.171781463623308,6.080178177471616,34.244719405403195,5.7973884620251885,25.290104396066667,5.058831364432906,196.66632958253226,16.11656247218606,146.1162414352099,9.399442771314307,121.37204668919246,4.05971085212064,27.575348532578875,5.396465109025656,9.755361667696285,0.7395968500460809,3.7294739844574036,1.0356734045605556
raw,4H,208.79491686820984,,185.43579930067065,,200.899764418602,,36.82100044273067,,43.07960607358888,,37.60151114002319,,197.4092892408371,,139.21920305490494,,123.23770117759705,,39.034646582036586,,5.585685800884016,,3.128282824427112,
raw,5T,159.24330741167068,,126.3091357946396,,167.89728558063507,,46.98493596827907,,51.13537833688391,,41.68392925165795,,145.04801601171494,,148.89883542060852,,110.53730523586272,,47.79927798553856,,7.500616105860061,,6.976414440710224,
raw,A1,210.76643712818623,14.349350295988383,179.33199221889177,22.933483810388203,197.70508604248366,14.395950383246241,27.629301352755274,6.472364520102572,34.89904664259836,8.499301673718493,28.835295528621288,6.6379407654855695,194.73338611920676,17.52948621800629,142.99646787842116,8.443217153903484,123.443456624945,3.349613752386906,29.709925894776987,7.338978073355683,8.734783254042588,2.110123173765667,3.5392636510137447,1.281687617503753
raw,A2,208.48746489756036,19.169378260230754,167.53654572457978,23.636182095479743,199.1303555098447,16.902810876257313,29.07470411905654,7.143307636499247,40.78243208403202,8.007353020300974,29.869878187904227,6.021678214609473,186.62866904097373,20.11610841402694,148.63928536754665,6.503862083122463,117.8849532634321,4.230678790134789,34.06233830954041,6.761085202538288,9.863031797671082,3.1331716746878717,4.9734191919571495,1.2203931565718134
raw,A7,184.43812381227812,17.89430319494232,141.89919608405657,25.412949290575504,172.2506950440861,18.75385620197929,37.267520888406594,5.45082129801427,43.6170150065193,6.327483975784157,36.16290252425153,4.916457423291877,162.0715274952707,21.487726355743963,149.66549195420174,5.7245104887167075,118.5100046382064,3.1796292092699407,39.674163244957235,5.836014462825351,7.728122704962661,1.6491041463222098,4.70300430872842,0.8769660545617303
raw,A8,205.60700133140358,11.424875569434514,184.81007749073373,15.363375244684908,224.37554415495973,6.792508920494104,35.57137583396778,5.200918621307997,40.26835340987811,5.132894917100876,26.340647471541136,4.557058614992986,198.37510953026444,12.271962264033892,143.27491849224702,5.243430792514717,110.69386253863104,4.909561320733167,35.54251960999679,5.000618647478281,7.1678279487069245,1.564503122339458,9.332706157362091,1.158222101298553
raw,AC,192.48778886308216,18.23589075287744,158.31428597560452,22.005937146811807,187.63676151390766,15.346597446940715,35.08014671178966,7.299581139243676,43.080890105843814,7.424996556400241,33.782508704941776,6.184594248009168,175.46483735601353,19.455301023060926,146.19354081655536,4.552230774360372,117.62105282731353,3.4520737431293926,38.26901749014603,7.253566910843252,8.244693930131177,1.5686887107835095,5.524286778068761,1.1310248158698868
raw,AN,190.16600824556042,20.25899646636209,143.2334997577052,23.61572812864496,177.1360372977872,17.23761755606235,38.10395193923442,6.516430229044259,43.95107387646793,5.883463228695915,36.26962802314171,5.026128475827126,164.8632891562677,20.96132644076578,151.72615269307167,4.890130402694115,117.3568545118455,3.6827539691692692,39.62065045893165,5.86055240698368,8.884267167416812,1.5568261977043258,4.78581182531063,0.7014668614215681
raw,AO,198.76052884304005,25.275028304923772,163.26756946029872,34.53346264854161,186.11236056037572,22.977720036169924,35.45820946149134,9.477153779077153,44.749612893139194,8.290984179270112,36.948821852251534,6.278237088554306,180.0455668296503,29.326288063788464,145.51430582481882,8.093770311782787,121.3852862832339,5.15479773489403,39.274473279084006,8.254736983255297,8.487650170770692,3.0604435503438725,4.924714555273546,1.835714757536998
raw,AQ,200.7728955745697,31.748335817037116,163.65888025079454,35.502221907905,187.7704259923526,24.128782608876108,27.817914677778457,9.33903632260625,35.9709243087526,2.5923225607303215,29.323933364686592,3.113788963875958,180.99224185943604,31.766606687555907,146.2227859411921,5.604437427786409,120.86079008238656,5.870279938544183,31.26170782724768,4.727314100877294,7.8382032184427555,1.761259787169599,3.784367461086539,1.4045680476504367
raw,AR,188.94432841574968,16.8456265441846,140.0241758752225,22.400378218771433,169.24016918797992,16.314253131511492,35.919801107700174,5.298014033249847,44.434848606928064,5.642751554101291,37.8159474012742,4.483709147702509,162.0807234529239,19.229019746953437,151.72202884261287,5.030531748567813,120.31575420810215,2.995231521076857,39.575443253649745,5.180497743328123,8.526483476475796,1.5621459149012893,4.018511576894583,0.6562208446535241
raw,B6,215.13991758465767,15.154844793165362,167.60916103720666,22.506397261907406,196.97132831692696,13.704584240627105,27.103835920049786,8.944762851700851,41.349482166783666,8.278477102407672,30.811321738861153,6.690061614012529,188.45362999916077,17.92176252847624,150.5192110955715,6.528393781945437,120.2109824180603,3.724624591604372,33.510879242218635,8.00815127815881,10.868758604426318,1.917120847092243,4.2248632981920204,1.283932099450191
raw,BH,205.67862858544004,17.729843155456148,169.1057886477058,24.4160132479472,192.39927735819037,17.46633450227996,32.47410729839673,7.0394039596298645,43.457667925326156,6.933634942483947,34.80111162057949,6.362401098825715,186.14248385497018,20.17951405954123,145.77317252480393,6.601450098447972,121.47759437772399,3.9491337131386883,37.35432924003949,6.4641403275257545,9.147463973913208,2.193522060105289,4.3936022030722475,0.9811617943563702
raw,C8,193.82449138651089,16.304060374633618,152.6345205939546,25.296667674604006,181.32456770721748,20.131211172539683,38.66400932354507,5.965708951520287,47.22397109031962,6.527215408207447,39.38012796798169,6.026358973995753,171.84502005333803,21.0661661439093,148.57340926783425,5.8284859924820545,119.26323379910723,2.860131354827299,42.18787513979662,6.084573507236129,8.308852799581938,1.6743029165989056,4.440107434030871,0.929867555385319
raw,D8,212.06297392117511,10.13652828168323,188.45114414490664,16.85690794628783,205.6245272531138,11.560392436315759,29.457443076293124,5.843712435352024,36.27236965310755,6.514053642156782,29.95434839524208,5.259366787400964,200.62000169537285,13.530465925479835,139.6649762910682,4.3664969668572935,122.46939691862502,2.3065534458613284,32.01932871223506,6.023870105656159,5.6652292822050505,1.445197938960355,3.565787317936032,0.9776190236787163
raw,E2,216.8916029181422,10.750687327485275,183.0632066806642,16.088482555243235,202.09535607550202,10.717502983511054,27.362061328666513,5.101246731072919,39.25252970828956,6.2852171441229805,31.780333329149826,5.0148525541094795,198.44289471100015,12.801402226629707,143.72949893954325,4.64697803680435,123.22354475972129,2.994484402343415,32.71666792443482,5.0793698420385285,9.007431765788283,2.4451781237717065,3.9005552384979123,0.9719575503324692
raw,E9,214.01794464453573,10.558951583393075,165.94945367690056,15.417647744280103,189.97384657398348,11.551177055290612,29.34896498721298,6.041006199569855,41.969129645237714,6.957540967189154,34.4188535405154,5.857418069249345,186.678326039545,12.582227418581121,149.81834122538567,3.888407076661805,123.20628660821146,2.566049167851577,34.8469050380562,6.09814684952133,9.803784056187808,2.006763025902368,4.556146857299416,1.1333125238610473
raw,EW,207.2542648398599,15.188608936314536,177.2571740996006,21.776172957506464,197.2091685672139,15.392296097887895,32.8640960719062,7.4822114859835605,43.57125409201244,7.742387865713566,35.48700080397617,6.580829241740691,191.75990705157434,18.37370760911069,142.72395189279734,4.639744530653254,122.07090567433556,2.8176646345200114,37.81555678662024,7.32923322890726,8.184621582415666,1.637417666676996,4.044039530189272,1.021215776796437
raw,GI,207.03583753108978,13.699889922417897,160.29759946465492,18.687599183618037,185.49949806928635,9.720519187347124,34.78730160255627,3.716054284269469,48.02894292045349,4.774272396480287,40.34318941749635,3.6498839875599414,180.76241219043732,16.095953011659233,149.78614315390587,3.579358409748608,122.23824667930603,4.3025489762359435,40.91047593447757,1.3136908840428452,10.738154751608567,2.4117570988093884,4.186458505184231,0.4409752586469643
raw,GM,206.1118587945637,13.080570326974037,167.65755994382658,13.591784302682422,189.84862101078033,10.869310027206497,32.94906848552673,6.949367287119894,44.63669943198728,6.912854056600744,36.175200697425545,5.529919083922777,185.1548360492054,11.69381369809511,146.26920006149695,4.16765582995062,122.28520789585616,2.978665130472888,38.382942161917626,6.395243809548417,9.307844812739836,2.3605668414972807,4.480172799446612,1.09855496976197
raw,HN,207.25767371058464,1.6439143503728413,166.37507858872414,14.108843448770559,190.24752247333527,14.68902975826043,31.45525284803267,0.21978715440312005,36.038600785321826,4.0547380872279035,28.67389731350659,5.268871857290288,184.76211214065552,9.258090456100264,147.3787024319172,5.895570332682263,121.73262801766396,3.0563188857141115,32.15240524774258,3.034358608733183,6.432599133608157,1.4107215281456855,4.649133860596042,1.0214101632465669
raw,JL,207.24375694990158,15.345660462145966,165.91314440965652,32.1465275230511,184.36500117182732,26.710747781779993,29.84691092918192,3.4811334184098186,46.5966630419516,7.07846644052679,39.0438246617623,7.580403091972872,184.10689496994019,25.29875717063791,146.76522400975227,7.61215760885858,125.07102504372598,0.4892485832688265,38.76661760262884,5.635641467004703,9.883812045970249,1.5268031950411523,2.890235428981107,0.09416976185021429
raw,LD,186.54860199689864,29.895587280465474,164.3732102751732,29.047366591722724,188.1990849494934,21.199617885531705,40.481078099302785,7.538551277226912,42.89100532089732,7.084573312711957,36.44082201347747,6.164315118570955,177.41293820142747,27.694698404161773,140.95070085525512,2.6848313649729345,118.47728374004365,4.624374835335383,40.36392528759934,7.34190336777887,6.361521265613649,1.3001576827569432,4.797279205853677,0.8729641859126143
raw,LL,188.28770632492868,20.203466215128795,150.96098286227175,25.371472746661606,183.85998028203062,16.38649342335176,40.04885795254995,5.4241611419428075,48.904519626030435,6.2981599822491745,38.84804322167817,4.370492001096429,169.69974282227065,21.715060319466282,148.1917510879667,6.204391495320739,116.44487137857236,4.808467425487258,43.22574079546778,5.1292791421234005,10.039801165045352,2.0729458339363482,5.5623267192604615,0.8851515338904207
raw,LQ,206.796821475029,,173.9077758193016,,191.92951971292496,,43.78913121714904,,59.23184233153335,,49.04977082222904,,188.97202104330063,,143.61833876371384,,123.62709039449692,,51.27657040908287,,11.720543880552878,,5.186812738055048,
raw,MS,226.349822640419,,189.52058911323547,,214.74989211559296,,36.60513205336605,,42.70446793290665,,34.11087426086361,,205.2599168419838,,145.61239111423492,,120.35123270750046,,37.582010641482384,,8.525446694971485,,5.873021793437905,
raw,OK,224.8395459651947,,185.26811611652371,,202.6304137706757,,25.746733728311742,,39.22594024064456,,32.58983349451841,,201.8183872103691,,145.30689680576324,,124.93280184268951,,31.93079668300608,,9.859719099772091,,2.852076187022652,
raw,OL,212.66838384071986,20.62442331148433,164.24731077750525,19.807192590570114,200.4427257458369,12.094577989300173,29.127313499050892,7.503081678150725,37.50401509447568,5.938984441544277,26.299899364001387,6.463856194087323,185.84656728108723,16.787544386034934,152.11750810543697,8.122980635909427,116.55837941964468,6.4473449817691035,31.877650386561456,6.188364285638182,8.368462069460207,1.8954863856552717,5.919069275056457,2.3943302763158067
raw,PE,198.0348532398542,12.776232916414376,120.38776232798894,2.708160259414524,158.07031154632568,4.657766946917061,44.3651044579564,6.626720129288181,50.62571506244965,5.943532402533178,43.79728981046446,5.394495069176625,152.9043401479721,3.7581819550582534,163.27466297149658,5.9305384245076675,121.60919326543808,1.1508386633261074,45.00131490044393,7.029537403976824,12.205246531942914,0.5795424072625266,4.533728996901973,0.46312930000392016
raw,PL,193.25612745957542,7.9413143797488095,157.4257008073149,9.580299780056487,180.5624474420457,8.720562315955377,50.00860127239777,6.640473161527294,72.44154657860734,1.5567245484658254,57.4020052408534,2.663172491339842,174.49882387497655,7.818857909544156,145.9517582325493,3.1239785649360465,121.75756782724048,2.048393302132184,61.93795666510389,3.6044001732015074,14.448939332493648,1.9334438846475417,6.453651417035888,0.8784586941423479
raw,S3,208.28537328243254,11.377456529697886,172.46392100453377,12.946792587328927,193.9668517231941,9.567433340159091,31.596686603463873,6.166491881256221,41.2723503359547,5.512479182618614,34.25546391391205,4.648447984180719,188.82988500595093,11.485251401354121,144.94643343687056,3.1736574081443982,122.17899394631385,2.9099307917582107,35.486815419908844,5.155819854698736,8.83920747955826,1.8700743350877844,3.722990371608655,0.7106165838727805
raw,UL,216.25670498609543,,185.45072788000107,,202.9566015601158,,32.42867154753374,,46.11395044450464,,35.98645299521818,,199.6519479751587,,142.46195513010025,,123.57339733839036,,38.98646121222994,,10.248019006984322,,4.32932491829758,
raw,UU,173.53311121463776,,131.02406698465347,,164.3113220334053,,49.17337104370725,,53.04586959241973,,44.69240241210479,,151.07612746953964,,150.4536715745926,,116.51556706428528,,49.91507698890083,,7.961006442622933,,5.968151345674809,
raw,W8,213.77697092294693,,174.3356450200081,,205.0884805321693,,31.24255940873389,,52.8519596962053,,34.16242638312868,,192.92398822307587,,147.91277211904526,,118.30648094415665,,41.82575056477298,,14.800704665573049,,7.008689260220286,
raw,WT,224.61291590332985,12.99222979525722,192.45700731873512,15.973104094116074,215.66817843914032,10.371808031064965,21.965642236898933,5.49225074286434,30.048490363198184,6.34036484688457,21.40836014714523,4.22976783353606,207.0043549835682,13.65520494854286,143.56896844506264,2.318254232771948,120.67657086253166,2.459832156122101,25.083728250079588,5.71723521478004,7.449366381278685,1.084637654658334,3.9677249337924634,1.1615653308353213
raw,XX,214.420094281435,8.691424855612649,175.773477435112,29.21086448576469,194.43155181407928,21.34772631368065,30.752076518727176,0.49639931953834254,39.654426748350105,3.412184977199264,33.00963069319536,1.2721347329293156,192.8302519619465,21.333751303798284,145.5076266825199,9.074282697094496,124.20946577191353,0.6616195841969226,34.169160894581246,2.3608422839890335,8.486698276842112,0.16423054294945091,3.72453599137339,0.29098247609265515
raw,Z7,213.3584825694561,5.132425607477813,200.0173685848713,4.490405530097063,210.3908060491085,4.248294223231718,29.65784638781973,0.84683102133598,33.408346043235184,2.2604598299175174,28.79127432137305,1.655420975310118,208.52667751908302,4.228725357174373,134.68156725168228,0.048626167826170796,124.47019070386887,0.13008068454486596,30.411918279567466,1.5933984390028737,3.728566436848777,0.6130311322325427,3.5037909689785875,0.5681435743072454
reinhard,3C,208.44620015223816,0.15813839445779132,156.78848854700723,0.16060589831559596,194.70324726899466,0.12341518823752272,28.02848569979437,1.8839174010021729,38.278460083571346,1.202236437763952,29.490794281491088,1.7861473012890372,179.8134836355845,0.26341962543582864,153.35246030489603,0.10800388500996985,116.18128955364227,0.08729198895906032,32.193254667592065,1.4151763686276408,8.349616279099314,0.4795702712878579,4.217948079323601,0.12081802944407487
reinhard,4H,208.386261343956,,156.57863038778305,,194.64223194122317,,29.76760708579953,,39.22172835586792,,30.52971732297539,,179.594555914402,,153.48380041122437,,116.078140437603,,33.41360381516653,,8.551189101635693,,4.291343600369203,
reinhard,5T,208.24667590856552,,156.69661003351212,,194.669549882412,,30.54771071047114,,39.16390816396346,,30.493125944232258,,179.5582818388939,,153.44756323099136,,116.04033887386322,,33.31463131147884,,8.563059002533318,,4.234695317703935,
reinhard,A1,207.89575073122978,0.41025430122073087,156.65495851635933,0.07306909877978197,194.641878982385,0.2129939295248058,30.321185467241083,2.4262746654569654,38.021134097680026,2.0760269062358767,31.8737606185272,1.2201985303647542,179.5567885041237,0.13496550026523157,153.30217717091242,0.18469471663311088,116.08030284941196,0.11770945545681742,32.715332405619414,0.7374019576557603,8.760828275277822,0.20449066815860348,4.332775203833711,0.06544482661926507
reinhard,A2,208.35518657378475,0.1481216894276334,156.62883575697137,0.08122011886119619,194.61177556743525,0.12919905884400698,29.290841061643324,1.6871385848580611,39.149657928531056,0.8485742359319228,29.807372268912506,1.0805307545251557,179.6335355856202,0.1006851129334021,153.4492298039523,0.04490337566826504,116.12070142861569,0.04381982625059358,33.06595891281554,0.28218401647314595,8.790820990782533,0.16812033320312775,4.328647041490741,0.11066013739485196
reinhard,A7,208.3306152792204,0.11872466626317402,156.66898215242796,0.07865400307629136,194.58391384567534,0.15720530233076194,30.927097332431806,1.619090642350543,38.59055979494046,0.7591973677999302,30.53537446444788,0.8953577357094814,179.60632049327805,0.09544665231720866,153.45620603078888,0.028439318005858805,116.11633946214404,0.051051268395723944,33.169704985103955,0.29044750713250045,8.740528337260141,0.18345940584176582,4.333676048024264,0.11126861214789906
reinhard,A8,208.43823576673836,0.03673844953858089,156.58705897378786,0.06138513181864777,194.6837208003633,0.017952488231057852,28.716329957448323,0.7376706136560248,39.58637323969296,0.4708413055803286,29.470270342313952,0.40338969789492674,179.6587343870732,0.05180020887427916,153.46637428287363,0.03770979332177801,116.1061481007754,0.02959471921394182,33.222089796190815,0.21383119615161186,8.651811772476917,0.15750268778530563,4.268241006479788,0.08422333169151282
reinhard,AC,208.35351925682605,0.0883189989793947,156.6645806662339,0.04752630764187772,194.6403029590618,0.061392843136095915,30.043587993897393,1.675911861644925,38.95364040785996,0.8460559179743452,30.334737372925996,0.8643390277503592,179.614265375158,0.06196690138877648,153.4522868533071,0.036357400962317266,116.09237937237755,0.029118166890873484,33.21323326305927,0.17369671583795013,8.65848015819522,0.19910064275247982,4.275109597274866,0.09914689754565895
reinhard,AN,208.34151946152411,0.2667698507413241,156.66757833573126,0.1329223305473974,194.5377630879802,0.4454349810730771,32.00711138751943,2.0321370031002006,38.30711447832648,0.7572856319514258,30.641380935263566,0.8383477054027142,179.57124657015646,0.14972359899874343,153.44663789003127,0.08294745096615505,116.12204939703787,0.17304916655904334,33.23960215707707,0.4004591110021267,8.720944216275464,0.3084963775306475,4.314089286921512,0.12422876305293323
reinhard,AO,208.20605834281963,0.185011786051156,156.65045162128365,0.07788379273697861,194.64556785640508,0.24217598921301273,29.168311564064652,2.279601707992088,39.3836697229539,0.6992789183826144,31.63480905153006,2.025890451289506,179.64293576323468,0.09695703642857079,153.43381515015727,0.06049019954742052,116.12684714016707,0.08933065075887557,33.13666843843851,0.3803953854098716,8.858084876684115,0.2128821688565304,4.323617963242947,0.13154302965554013
reinhard,AQ,208.19623523950577,0.17894629249513055,156.62196844816208,0.06380169106692164,194.62418816770827,0.11015777644987663,29.858091322986418,3.4913249727038282,38.85347969602725,1.3458638186232692,31.13483067391942,1.3894315497634933,179.6209117259298,0.14798204159832637,153.40651096616472,0.054793249221217054,116.12647280522755,0.08320475644674752,33.006332276002574,0.337015514211218,8.677427387585851,0.23523916618463397,4.279151834389542,0.049464152955823334
reinhard,AR,208.22073863246547,0.14834036097776954,156.64190707722707,0.06893146114333266,194.50492210619484,0.19655025313623786,30.56772762935676,1.940197395529532,38.77340647873711,0.8553140157868554,31.694613300492083,0.8924445172012914,179.56477528454653,0.07769181263200337,153.4285071776874,0.042492841786721566,116.15874105958797,0.08304269894133323,33.18254920476172,0.14721382099273536,8.719057170913374,0.248042840660921,4.28901205226571,0.10616873909895568
reinhard,B6,208.2645993041992,0.18528365612104783,156.61652904748917,0.07751819950313431,194.5898975133896,0.2286345791974437,28.386015087463885,1.725324979936635,39.54133914164575,0.6537948041693376,30.542431494966145,0.9860498824800654,179.638547822237,0.1114892719138857,153.44054082751273,0.051189162477325724,116.14653068065644,0.08028365947810935,33.05447073703828,0.28497987489437976,8.848494911794479,0.16046937449658338,4.359058976772887,0.08131099882591405
reinhard,BH,208.2961553702963,0.16504675436774632,156.63315974101954,0.05857676972312802,194.6077651584402,0.2078819670710723,29.114035832538622,1.895053493237369,39.326200808784215,0.7356238623854585,30.66808862820701,1.3566354700616294,179.6588780499519,0.08687643914556403,153.43374847055327,0.048000255588299165,116.15308906761467,0.09519540541976991,33.0941795987451,0.24549550784027185,8.819336944785402,0.1724235771304711,4.351326025054613,0.08616115439641595
reinhard,C8,208.32712980070892,0.1595525517320447,156.6790379200663,0.04840155866122509,194.6348251968014,0.10489154233009108,29.783715905034235,1.2422526372413851,39.024225643623154,0.573724237407027,31.034323448657325,1.3806949209337465,179.6058686716216,0.07580480789056415,153.45697878453197,0.03646584995859093,116.0974519994794,0.03695047736860126,33.241045237028366,0.19105352952520077,8.652636431106659,0.16177163817781498,4.228911156212179,0.0921088113186814
reinhard,D8,208.39666401643257,0.08887853629055185,156.65627327909718,0.06609856950409873,194.69426072417914,0.08725760068286086,28.878005769387308,0.9502961639242752,39.16533415741308,0.668123256525653,30.320135539217677,0.8306490656256198,179.67351949679386,0.06962640695731516,153.45007622706424,0.03591728586770619,116.10043125493186,0.036331357920436395,33.091719271827635,0.3197422824412909,8.600182101629914,0.19513418464709836,4.24548403963452,0.10737329680862466
reinhard,E2,208.20769080592365,0.1851509506669376,156.61238226439895,0.05889198934824361,194.6570051392404,0.18355975326186919,28.72327206805606,1.746439815185696,39.58202200127943,0.7892052318474753,31.795637904102954,1.7232484119271643,179.6311631028245,0.057978108780078697,153.4383752237006,0.03991690283558869,116.13120385786382,0.07889600240570895,33.22666715044474,0.14356306318029569,8.815994769363597,0.20854991324975386,4.3248797137745285,0.08710243168612908
reinhard,E9,208.20318793289124,0.13592116034382684,156.65968154034306,0.04737222946191361,194.63858459457273,0.15616118412924387,28.672531777418218,1.5340520727201807,39.259068658723024,0.6540808246369748,31.780437110189602,1.3535568040381145,179.6460916640297,0.058259453802151286,153.4418274567973,0.047305496752271504,116.14134030957376,0.07865667375333348,33.101374698224234,0.3400297828908304,8.887181214251992,0.15566925288985828,4.338212399028549,0.07855471928643351
reinhard,EW,208.3167456097381,0.10172662392367933,156.62662351824517,0.056054929274933205,194.67071331933488,0.08966010007758286,28.47269054651032,1.3239183234986815,39.62482096738165,0.5435869272846551,30.570392327823516,1.1131589561229218,179.6734351086062,0.06846894060002871,153.43976481016293,0.033272337653452416,116.12999814748764,0.042062027690134646,33.120841454576535,0.24209038894949345,8.76317943940032,0.14833760859769093,4.319865392890655,0.0841070489317816
reinhard,GI,208.22042283415794,0.1998866974189788,156.6638279259205,0.08769161809558484,194.68530878424644,0.04861424026804221,29.420814705332916,3.2734921502835754,39.22633270922891,1.3636320235762596,32.45947668980148,1.6272963384468124,179.64060735702515,0.01972202770479371,153.44063597917557,0.016168289732052147,116.13404279947281,0.0374774834580691,33.265668501399674,0.07044297772230149,8.758407109036364,0.22527065538368188,4.336279881055504,0.05415503993983844
reinhard,GM,208.23454213456102,0.19063180981883235,156.6287794175901,0.059488621455792194,194.56592606243333,0.23586168039350536,28.88441162736726,1.6338202644630866,39.381505385442885,0.7687093960174762,31.10443696293806,1.3310986579868584,179.63059121370316,0.07508348570903418,153.43370657531838,0.051169203968961276,116.15956553032524,0.10235173761348788,33.142805614134865,0.1732046754921417,8.892621602384008,0.18969833661231847,4.3480471592567245,0.1155815534925013
reinhard,HN,207.40773195028305,1.410983090728422,156.9468636214733,0.34249207664213516,194.8198637664318,0.24275779737471417,30.702490333415405,1.7063693624369676,38.01827386363547,0.55431438935569,30.02479665318353,1.026374730561926,179.71367898583412,0.1019932239070895,153.18065950274467,0.4001122976468337,116.0133139193058,0.05024667200456616,32.71635950960149,0.8478564527138721,8.551863406532007,0.07964046529770456,4.259312860626635,0.15183703927488693
reinhard,JL,208.08720698952675,0.2671019856619403,156.60346966981888,0.02756892796055196,194.59628915786743,0.23375915018965854,25.932349944091165,1.434822662030876,40.41463445351714,0.35093986317866843,32.871046966704455,3.3471732248725568,179.65244111418724,0.0874182536361432,153.4207944571972,0.046662756888290795,116.19512340426445,0.14623097757260897,33.099644299859555,0.05688280625972045,8.944443108834363,0.18716780612931544,4.3783557034946785,0.09022581263026966
reinhard,LD,208.3786856174469,0.12615936901807684,156.68506981134414,0.07289433860945423,194.6759511232376,0.05200198983466788,32.84648342826149,2.6146843001753455,37.77026841224849,1.4628684530042109,30.171336111886443,0.5711358616635657,179.60585408210756,0.07861408837337552,153.43890221118926,0.04098382292444419,116.07149872779846,0.04166900035061347,33.26199171831354,0.15264909891123132,8.567432982923325,0.3509041521816986,4.246192445919525,0.16860527702010147
reinhard,LL,208.31359294527456,0.12381650067186026,156.64183809569008,0.04496308690817805,194.6095007626634,0.10440070543134454,30.856695866114393,2.3242766679768363,38.966026432456445,0.9774427764616176,30.343477515249077,0.9068483172195888,179.61193514811364,0.07489752049729634,153.437020452399,0.041625259554543874,116.11275177566628,0.06304186756415356,33.23370012825469,0.12235284962308335,8.78997273963606,0.18400235220036074,4.326214182807537,0.13431395485477562
reinhard,LQ,208.2139961719513,,156.60477417707443,,194.80246430635447,,28.781176062965383,,39.9563387307851,,31.82588650304267,,179.64774936437607,,153.48648768663406,,116.05350923538208,,33.399569869215654,,8.934971545580929,,4.3588372190135525,
reinhard,MS,208.41737407445908,,156.6966850757599,,194.70779728889465,,31.132172390714416,,38.03179870051439,,30.625369700900357,,179.65460830926895,,153.47569173574448,,116.07375472784042,,33.21363666323024,,8.68776960604857,,4.262123790833975,
reinhard,OK,208.0950835347176,,156.58051121234894,,194.8215702176094,,28.455630303045307,,39.86249597277544,,33.39190049510018,,179.62493354082108,,153.4728331565857,,116.06136721372604,,33.386122234940395,,8.778905204352967,,4.213144820460816,
reinhard,OL,208.34692734479904,0.13301961028101075,156.64687664906185,0.08805089996774851,194.56533482869466,0.18216451495727848,29.429260217072223,1.5494827369833746,38.97877842826683,0.6970406663078973,29.56765840149073,0.7752348853727712,179.62404595216114,0.08163496191875927,153.46300903956094,0.03628268896061197,116.12270460923513,0.06699876609047707,33.05970852942537,0.3331306633766747,8.830589161919354,0.21305023212735508,4.357737945691491,0.13726133051182213
reinhard,PE,208.2359927892685,0.13002243281880652,156.7117923696836,0.0250780170412958,194.4064623117447,0.2725600027307969,33.72955350739787,1.0764087414072545,37.638135297365906,0.38897300508266774,32.765993263738174,0.6798362893837787,179.5579143166542,0.04992818793193803,153.39740894238153,0.051560640764780216,116.2152578830719,0.12292241930972359,33.281001440724346,0.09833971516417135,8.770746606690729,0.17564096139295043,4.244247349203327,0.06834322890983209
reinhard,PL,208.22278583387703,0.10102522651257671,156.60425756882213,0.03003103753308964,194.73626651882904,0.02154234456021863,27.006571035687525,0.96060546832337,40.808496777693094,0.381036226521725,30.91925870292214,1.7745845402784175,179.65632380223306,0.008330813113557869,153.49730341452343,0.010316281986869924,116.1197334143213,0.012368946905011698,33.47091911531389,0.026473633534975855,9.173146899923314,0.05287119175236548,4.53821231947053,0.02899065438812251
reinhard,S3,208.26676011681556,0.2000928099067712,156.64305942058564,0.0678411716974803,194.68012086749076,0.08408496580346755,30.313041191974328,1.9833080436921826,39.015108462377036,0.872540175410209,31.39216606061251,0.7026704459347537,179.61980347633363,0.03336994865810889,153.43866089582443,0.07195733379107902,116.10051157474518,0.04398353280313372,33.263684747394606,0.16416579876517118,8.778136668471834,0.18032784076245248,4.3084321120873845,0.09431276898284452
reinhard,UL,208.3631855249405,,156.59512215852735,,194.64086174964905,,28.620604037466883,,39.77264796277064,,29.941619490311584,,179.67940044403076,,153.45175617933273,,116.16541010141373,,33.25822411576193,,9.023648786720724,,4.45994456591129,
reinhard,UU,208.28441244363785,,156.71685606241226,,194.6789013743401,,31.658458447328748,,38.75920762779806,,30.668484428901383,,179.59222835302353,,153.4629431962967,,116.05075752735138,,33.40055014851451,,8.795239487272815,,4.35983103032741,
reinhard,W8,208.3829401135445,,156.57524573802948,,194.6232722401619,,27.811246335588372,,40.40787608979781,,28.80498722686773,,179.6608331799507,,153.47532230615616,,116.13476419448853,,33.31363616403678,,9.070716355465258,,4.514378345212115,
reinhard,WT,208.53162348270416,0.07562594474446178,156.7738866508007,0.1166439742116584,194.7442406117916,0.06357645578307647,28.864398577425764,1.8707899371108467,38.151585303051746,0.9064195321441288,28.44312099104926,0.7580105522758527,179.78001740574837,0.12747251111847133,153.451946079731,0.03790679125700107,116.10817062854767,0.026364455323807632,32.482558399318734,0.9877791532326768,8.877804411866629,0.055043580286137705,4.3573769391585895,0.10746793300010399
reinhard,XX,208.22027805447578,0.19398276687960292,156.6133040189743,0.05300320233772416,194.4901268184185,0.34834635819399534,30.249076304060203,2.121437990740682,38.79928924840672,1.0606721404464245,31.036417668433142,1.3983929940536257,179.60169586539268,0.14443678623150022,153.41305622458458,0.0505106798636384,116.18225958943368,0.11987756472311122,33.07965126728835,0.16807533652615256,8.854220543753534,0.06878302344220513,4.32012305494421,0.06195548434571179
reinhard,Z7,208.45751121640205,0.11830548727365486,156.72552984952927,0.04281142001821381,194.70783227682114,0.008332347656876583,29.064018464723752,0.8496370526597675,38.50332015917002,0.9275230373081008,30.123977727109324,0.3604541071071962,179.7535424530506,0.04783738955628941,153.41929161548615,0.024979257000648587,116.13486823439598,0.019038785143583606,32.75930960537892,0.2821203521650896,8.652852981387898,0.14047477846781115,4.253088902196415,0.108834275886364
